﻿Page ID,Page name,Disclaimer,Amount spent (EUR),Number of ads in Library
178362315106,European Parliament,European Parliament,9169,79
113734425308564,Ben & Jerry's,Unilever FIMA,6055,8
122344957784863,Amnistia Internacional Portugal,Amnistia Internacional Portugal,4778,171
100956195462445,ENTR pt,RTP,3800,4
163880252839,Deco Proteste,DECO PROTESTE,3798,55
193697864002162,UNICEF Portugal,UNICEF Portugal,3148,7
107898832590939,European Commission,European Commission,1753,15
197936253581591,Fundação Francisco Manuel dos Santos,Fundação Francisco Manuel dos Santos,1324,31
170400489279,Representação da Comissão Europeia em Portugal,Representação da Comissão Europeia em Portugal,903,15
108191140862044,Faro 2027,Faro 2027,782,1
100981728397170,Mais Liberdade,Instituto Mais Liberdade,750,3
101826228779402,CNN Portugal,CNN Portugal,707,21
107038856024130,TVI,"TVI - Televisão Independente, S.A.",667,17
325947881481785,Mais Cofidis,Mais Cofidis,628,6
113387386723680,Pensa Positivo,Movimento Pensa Positivo,610,13
190509714953634,Futuro com Garra - Ricardo Oliveira 2022,Ricardo Jorge Jaco Da Silva Oliveira,511,15
863284277093093,Pingo Doce,Pingo Doce,474,3
527351247377965,European Committee of the Regions,European Committee of the Regions,431,13
384134725550918,Pelo Meu Sporting,Pelo Meu Sporting,421,11
105442915248410,RBI - Um Caminho de Liberdade,Franciscoguerreiro.eu,413,9
123061614692,Nestlé,Nestlé,413,1
209803832591,Kobo,These ads ran without a disclaimer,364,1
204475619649483,Alerta Emprego,Alerta Emprego,352,69
339810463063059,Conflict Of Nations : World War 3,These ads ran without a disclaimer,318,7
28928259418,"Saïd Business School, University of Oxford",These ads ran without a disclaimer,309,2
311215249042615,Gerador,Associação Cultural Gerador,301,3
158714780827513,UNFPA,UNFPA,285,66
101920814806371,Casa dos livros,Manuel Augusto Monteiro,246,33
397962160783891,Álvaro Amaro,PPE Grupo do Partido Popular Europeu,240,6
129586383695,Município de Oeiras,Município de Oeiras,224,14
123061614692,Nestlé,These ads ran without a disclaimer,205,1
481847405755917,Teva Portugal,Teva Portugal,185,16
901697383231864,Contas Connosco,Contas Connosco,179,2
145359705502132,Pordata,PORDATA,175,5
115415594383277,Futuro.PT,Assembleias de Cidadãos Portugal,172,13
108941981692059,Futuro com Garra - Ricardo Oliveira 2022,These ads ran without a disclaimer,168,5
112857423489214,Ajuda em Ação,Ajuda em Ação,164,12
147547541961576,Council of the European Union,Council of the European Union,159,103
264083326952712,VIDA ONGD,ONGD VIDA,155,12
103026268266479,Tal&Qual,"PAREM AS MAQUINAS, EDICOES E JORNALISMO, LDA",150,6
108755073874627,Objectivo,These ads ran without a disclaimer,149,1
106065484513801,Merge Friends,These ads ran without a disclaimer,149,4
726612704081415,Clube de Lisboa,Clube de Lisboa,147,3
103249915615537,Futuro.PT,Assembleias de Cidadãos Portugal,139,12
112512893513440,Shaeco,These ads ran without a disclaimer,126,17
261612214425915,Lídia Pereira,Lídia Pereira,120,1
347829038571812,Aldeias de Crianças SOS Portugal,Aldeias de Crianças SOS Portugal,119,1
103245457832317,"Consultoria, Análise e Formação Forense",João Pedro Sebastião de Sousa,111,4
101980388264726,João Silva de Almeida,João Pedro Silva de Almeida,110,11
101429031461126,Iniciativa Liberal - Açores,Iniciativa Liberal - Açores,109,26
440341036369937,Goldenergy,These ads ran without a disclaimer,101,3
560013724042990,Ricardo Rio,Ricardo Rio,≤100,2
73970658023,International Rescue Committee,These ads ran without a disclaimer,≤100,8
1536746203302018,Fumaça,Fumaça,≤100,2
102249452300462,Lisbon AirQuality,OneSource,≤100,6
245094455536925,FOUR PAWS,These ads ran without a disclaimer,≤100,38
100602915032991,Pedro Tadeu,Pedro Tadeu,≤100,10
114559831961352,DECISÕES E SOLUÇÕES PORTUGAL,DECISÕES E SOLUÇÕES PORTUGAL,≤100,9
207898950181,Goethe-Institut Portugal,Goethe-Institut Portugal,≤100,2
211315352267434,Proteste Investe,Proteste Investe,≤100,2
108384981683516,Cidadania pelo Clima,João Pedro Silveira Vieira,≤100,3
158714780827513,UNFPA,These ads ran without a disclaimer,≤100,20
100864338676619,Saison France-Portugal 2022,These ads ran without a disclaimer,≤100,1
1425354844360059,Semanário V,Semanário V,≤100,3
106176850920049,Forum da Energia e Clima,FÓRUM DA ENERGIA E CLIMA,≤100,4
108383397178648,Bokay,Tiago Gomes,≤100,2
197936253581591,Fundação Francisco Manuel dos Santos,These ads ran without a disclaimer,≤100,2
123051634390412,Partido Social Democrata,Partido Social Democrata,≤100,1
118998358229543,Nuno Piteira Lopes,Nuno Piteira Lopes,≤100,5
179851552092632,Manuel Portugal Lage,Manuel Portugal,≤100,4
142287799247187,Partido Socialista Oeiras,Partido Socialista Oeiras,≤100,1
1622906634634790,José Henrique Pinto,José Henrique Ribeiro Pinto,≤100,2
107420174018142,Be The Story,These ads ran without a disclaimer,≤100,3
162224703842642,Cristóvão Norte,Cristóvão Duarte Nunes Guerreiro Norte,≤100,7
104590578503413,Nova Geração 2021,PSD Vila Franca de Xira,≤100,10
104078275475537,Gabli Gm,These ads ran without a disclaimer,≤100,1
100540912157837,Palácio da Leitura,Maria Antónia Gens Fialho Luís,≤100,5
105059345282537,"Lista F - Pelo Farmacêutico, por um Futuro Renovado","Candidatura Pelo Farmacêutico, Por um Futuro Renovado",≤100,1
127437908871,José Ribeiro e Castro,José Duarte de Almeida Ribeiro e Castro,≤100,3
104327948772280,Onde Está Silvina?,Mário Daniel Nunes Penim Redondo,≤100,2
104389365279900,PS na Assembleia Municipal de Pombal,João André Varela Coelho,≤100,4
679930195455520,FREE NOW,These ads ran without a disclaimer,≤100,1
1620645518208159,Pedro Geada,Pedro Diogo Gonçalves Geada,≤100,5
105974121333807,Rede Pares,Rede Pares,≤100,12
393037280875657,Europe in my region,These ads ran without a disclaimer,≤100,3
102249452300462,Lisbon AirQuality,These ads ran without a disclaimer,≤100,3
283848242417755,Eco Purify,These ads ran without a disclaimer,≤100,8
106592118490859,Félix Carvalho Presidente OFNorte,These ads ran without a disclaimer,≤100,3
125092147543317,Saugella Portugal,These ads ran without a disclaimer,≤100,1
225879377471624,AIMS Meeting,Felipe Gonçalves Bezerra,≤100,2
107971340985987,Placard,These ads ran without a disclaimer,≤100,1
230530994542764,"VoteDHr - Eleições, Democracia e Direitos Humanos",Carla Sofia Luis,≤100,2
300506179963875,Marco Almeida,Marco Paulo Caldeira De Almeida,≤100,4
149596731915310,Colgate Portugal,These ads ran without a disclaimer,≤100,1
166220000072022,Carlos Eduardo Reis,Carlos Eduardo Reis,≤100,9
113118913576126,PSD no Parlamento Europeu,PSD no Parlamento Europeu,≤100,6
411416286140977,ANAM,Associação Nacional de Assembleias Municipais,≤100,2
220749221837897,Francisco Jesus,Francisco Manuel Firmino De Jesus,≤100,6
111013145633705,Festa_revista_generalista,Carlos Jorge Matos Da Rosa,≤100,5
366508799762,ACN - Ajuda à Igreja que Sofre,ACN - Ajuda à Igreja que Sofre,≤100,1
111182917030075,Bayer Portugal,These ads ran without a disclaimer,≤100,3
229948590697771,Bloom Consulting Portugal,Bloom Consulting Portugal,≤100,3
1443792925918798,Federação Nacional dos Médicos,Federação Nacional dos Médicos,≤100,1
428901067880588,Diogo Araújo Dantas,Diogo da Rocha Antunes de Araújo Dantas,≤100,9
1709939012603940,Ricardo Baptista Leite,Ricardo Baptista Leite,≤100,1
104333698212980,Lucinda Ribeiro,Rui Alves,≤100,1
384134725550918,Pelo Meu Sporting,These ads ran without a disclaimer,≤100,1
462656197200641,Velociporto,Ana Isabel Teixeira,≤100,2
907790056238712,DepilConcept Oeiras,Henrique Dornelles Scholz,≤100,4
103142542227332,Assistência Continuada,These ads ran without a disclaimer,≤100,3
242058519673,Palestinian Centre for Human Rights,These ads ran without a disclaimer,≤100,1
732285496890083,Francisco Mota,Francisco José Peres Filipe Mota,≤100,3
319439241905693,João Afonso,PSD Montijo,≤100,3
103249178203103,Corruptos,Álvaro Mendonça,≤100,2
116372875154801,Movimento Alternativa Socialista,Movimento Alternativa Socialista,≤100,1
106122038455124,Miguel Sousa Neves,Miguel Sousa Neves,≤100,3
105596311679101,Suzana Garcia - Amadora,Tiago Joaquim Da Cruz Fernandes,≤100,2
2311672302410795,Fernando Santos,Fernando Paulo Dos Santos,≤100,2
1772493243029014,Laboratório de Ciências Forenses e Psicológicas Egas Moniz,These ads ran without a disclaimer,≤100,1
582360601854799,Manuseado,These ads ran without a disclaimer,≤100,2
451256781884275,Klondike Adventures,These ads ran without a disclaimer,≤100,1
107046786040897,O Mirante,O MIRANTE,≤100,2
191194028179195,Castilho Advogados International Law Firm,Castilho International Legal Corporation,≤100,2
104111674695987,Sociedade Histórica da Independência de Portugal,José Duarte de Almeida Ribeiro e Castro,≤100,1
683693318769050,NordPass,These ads ran without a disclaimer,≤100,1
300219936795765,Rui Madeira,These ads ran without a disclaimer,≤100,1
112686924644646,Movimento TVDE,These ads ran without a disclaimer,≤100,5
107114954161807,Rui Novais da Silva,Novais Da Silva,≤100,10
100521345762709,Miguel Fernandes,Alfredo Miguel Pires Fernandes,≤100,5
130012000568,Portugal Resident,Open Media SA,≤100,9
2215713501987458,Sysdig,These ads ran without a disclaimer,≤100,1
107195208545011,Kykys Clan Gm,These ads ran without a disclaimer,≤100,4
218348421641772,Juventude Socialista de Águeda,Secretariado JS Águeda,≤100,1
248957439016050,Ana Garcia - Chefe de Equipa Remax Visão,These ads ran without a disclaimer,≤100,4
248986568895243,Speechify,These ads ran without a disclaimer,≤100,1
108941981692059,Futuro com Garra - Ricardo Oliveira 2022,Ricardo Jorge Jaco Da Silva Oliveira,≤100,1
280379538686174,Olhares de Lisboa / Vida na Cidade,Olhares de Lisboa,≤100,4
442469429516570,Arte Central,These ads ran without a disclaimer,≤100,1
767286956636065,LeYa Educação,These ads ran without a disclaimer,≤100,1
1226305587401496,chumbo,chumbo,≤100,1
1403330429975376,Comunidade Intermunicipal da Região de Leiria,These ads ran without a disclaimer,≤100,2
282054988481621,Green Trekker,These ads ran without a disclaimer,≤100,1
645883972168019,ibis,These ads ran without a disclaimer,≤100,1
1398870106854568,Ei - Educação e Informação Financeira,Associação Mutualista Montepio,≤100,1
118810840712979,Stak Gl Gq,These ads ran without a disclaimer,≤100,5
748172598653051,Nuno Carvalho,Nuno Miguel Oliveira De Carvalho,≤100,2
108637620485364,Brain Nuggets,These ads ran without a disclaimer,≤100,24
527351247377965,European Committee of the Regions,These ads ran without a disclaimer,≤100,2
104896541951838,الجنرال: الحرب العالمية,These ads ran without a disclaimer,≤100,2
107802861819435,UC Challenges for Global Sustainability,These ads ran without a disclaimer,≤100,1
162531970474799,Visit Maia,These ads ran without a disclaimer,≤100,1
103670915539752,MCA Eventos,These ads ran without a disclaimer,≤100,1
197167966960494,Jesuítas em Portugal,José Maria Serrano Marques Mesquita Brito,≤100,1
136985879705775,"+Energia, by Filitérmica",These ads ran without a disclaimer,≤100,3
1574192119554761,Beko,These ads ran without a disclaimer,≤100,1
75019832667,AMI - Assistência Médica Internacional,AMI - Assistência Médica Internacional,≤100,1
148285205351233,João Teixeira Leite,These ads ran without a disclaimer,≤100,1
122739536410,Galeria Miguel Nabinho,These ads ran without a disclaimer,≤100,1
536711849859363,Wwe tio the shield,These ads ran without a disclaimer,≤100,6
2021861364761808,QUINAS,These ads ran without a disclaimer,≤100,1
111657418074778,Avançamos Hoje,These ads ran without a disclaimer,≤100,3
101420888789067,Fernando Figueiredo,Fernando António Pereira de Figueiredo,≤100,1
100975278036543,"Lourenço Pereira Coutinho Historiador, Escritor",These ads ran without a disclaimer,≤100,1
116396232058048,ELLA,Daniela Vieira Da Costa,≤100,1
80365954731,SIC,These ads ran without a disclaimer,≤100,1
728792167237983,Empanaderia El Pibe,These ads ran without a disclaimer,≤100,1
135812949817470,Instituto CRIAP,These ads ran without a disclaimer,≤100,1
438939396190482,Clínica Passeio da Estrela,Clínica Passeio da Estrela,≤100,1
760522374029421,Observatório da Isenção Informativa,These ads ran without a disclaimer,≤100,1
112105337646719,Ferrari Menezes,These ads ran without a disclaimer,≤100,1
779253965784453,Pedro Pires,Pedro Miguel De Araújo Pires,≤100,2
123784121017831,Sage,These ads ran without a disclaimer,≤100,1
103930608502,Real Associação de Lisboa,These ads ran without a disclaimer,≤100,1
587845577964346,Médicos Sem Fronteiras,These ads ran without a disclaimer,≤100,1
101991058085799,Chega Açores,Chega Açores,≤100,2
392011914244276,Muneeb Shakil Kazi,These ads ran without a disclaimer,≤100,10
452386461851015,QB Quanto Baste,These ads ran without a disclaimer,≤100,1
295276607637772,Companhia Nacional de Espectáculos,These ads ran without a disclaimer,≤100,1
0,Instagram User 5246629081,These ads ran without a disclaimer,≤100,1
1427533934235378,Toni Germani - Jazz,These ads ran without a disclaimer,≤100,1
1846196185665307,Eurostat,These ads ran without a disclaimer,≤100,2
138164879529114,Sistema4,Sistema4 - Agência de Publicidade,≤100,2
37293837321,FOX Comedy Portugal,These ads ran without a disclaimer,≤100,1
105981414430934,LMM - Advogados,Luis Martins e Associados Soc. Advogados,≤100,1
1284348874996659,Futur/io,These ads ran without a disclaimer,≤100,2
103516898826266,Candidatura OE 2022 - Região Centro - José Valle,These ads ran without a disclaimer,≤100,1
108357908290076,Pedro Vieitas Antunes,Pedro Vieitas Antunes,≤100,1
107068411747478,Lisboa Invisível,These ads ran without a disclaimer,≤100,2
103659618798082,Mcd - Movimento Cidadania Democrática,Fernando Vitor Ladeira Pereira,≤100,2
732533143800219,Endesa Portugal,These ads ran without a disclaimer,≤100,1
1241606822611843,Grupo do PS na Assembleia de Freguesia da Guarda,Grupo do PS na Assembleia de Freguesia da Guarda,≤100,1
1626040974155214,Luís Nobre,Joaquim Luís Nobre Pereira,≤100,2
1557173824609566,Civitas Braga,These ads ran without a disclaimer,≤100,1
228606667667157,MPULSE,These ads ran without a disclaimer,≤100,2
103960591568992,Rich Patrol,These ads ran without a disclaimer,≤100,6
108352037751716,Dr-Ahmed Azmy,These ads ran without a disclaimer,≤100,32
107196424848696,Núcleo Comunitário e Solidário de Pereira- AMIP,Fernando Vitor Ladeira Pereira,≤100,1
637063039770489,Premium Care - Residência Sénior,These ads ran without a disclaimer,≤100,4
144709575593854,EESC - European Economic and Social Committee,EESC - European Economic and Social Committee,≤100,1
110676967881415,Alexandre Costa Re/max,These ads ran without a disclaimer,≤100,2
117745288271605,Altice Portugal,These ads ran without a disclaimer,≤100,1
100359345915677,Thirteen Leaflets,These ads ran without a disclaimer,≤100,2
112474584678476,Brеаking Nеws,These ads ran without a disclaimer,≤100,1
726612704081415,Clube de Lisboa,These ads ran without a disclaimer,≤100,1
126547797517924,Cantinho - moda,These ads ran without a disclaimer,≤100,1
111412029486566,Crédito y Caución Portugal,These ads ran without a disclaimer,≤100,1
192742597438296,Fernanda Galo Laboratórios,These ads ran without a disclaimer,≤100,1
105546958256097,Barbeau,These ads ran without a disclaimer,≤100,2
106124631480931,Tribuna do Baixo Mondego,Fernando Vitor Ladeira Pereira,≤100,1
109354687306376,Instituto Conhecimento Liberta,These ads ran without a disclaimer,≤100,1
105018257677931,Movimento Africano de Trabalhadores e Estudantes - RGB,These ads ran without a disclaimer,≤100,1
113489815373143,Israel em Portugal,These ads ran without a disclaimer,≤100,1
1135398056567227,Affidea Portugal,These ads ran without a disclaimer,≤100,1
106156255270420,Croffee_pt,These ads ran without a disclaimer,≤100,1
902043713159719,Gândara - Gestão e Reciclagem de Resíduos,These ads ran without a disclaimer,≤100,1
107307871854945,Behind The Scenes,These ads ran without a disclaimer,≤100,1
113689857804901,"INcomum, Consultoria e Formação",These ads ran without a disclaimer,≤100,1
937560123015996,saudeonline.pt,Saúde Online,≤100,2
1113776811977999,VIPUR,These ads ran without a disclaimer,≤100,1
108586385040096,Partido Pro Animais,Partido Pro Animais,≤100,1
106053738497730,Etikway Foundation,These ads ran without a disclaimer,≤100,1
0,Instagram User 350914849,These ads ran without a disclaimer,≤100,1
578145785862634,Eu não assaltei o banco,Álvaro Mendonça,≤100,1
263694373699158,Universidade de Lisboa,These ads ran without a disclaimer,≤100,2
110246961342305,Le Serre by Vivi,These ads ran without a disclaimer,≤100,1
369207423132054,شــرطــة مــكــافــحــة الــعاهــات,These ads ran without a disclaimer,≤100,3
1045561892184568,Padaria Gomes,These ads ran without a disclaimer,≤100,1
298676294165580,Portal do Eleitor,Secretaria Geral da Administração Interna,≤100,7
108384981683516,Cidadania pelo Clima,These ads ran without a disclaimer,≤100,1
106611678441504,Oceanlit Project,These ads ran without a disclaimer,≤100,2
100608205575732,idealolife,These ads ran without a disclaimer,≤100,2
910334635654592,STIAC,These ads ran without a disclaimer,≤100,1
108333215032241,Beebz,These ads ran without a disclaimer,≤100,1
101290412189105,Uma Lésbica Socialista,These ads ran without a disclaimer,≤100,1
106542051591660,VERDE,These ads ran without a disclaimer,≤100,1
740549232744278,Revista Rua,These ads ran without a disclaimer,≤100,1
102397628788087,Segue a Corrente,These ads ran without a disclaimer,≤100,1
113000510350693,Um artista aí em casa,These ads ran without a disclaimer,≤100,2
632042350574549,Oeiras Valley,These ads ran without a disclaimer,≤100,1
105319738725861,Breaking News,These ads ran without a disclaimer,≤100,1
114600613245581,Espaço Dani FIT,These ads ran without a disclaimer,≤100,1
331965446932156,HORIZON: the EU Research & Innovation magazine,These ads ran without a disclaimer,≤100,2
529885530685658,Olhar Loures,Olhar Loures,≤100,1
75019832667,AMI - Assistência Médica Internacional,These ads ran without a disclaimer,≤100,1
114111103370029,Mente Saudável,These ads ran without a disclaimer,≤100,1
110577711085025,Clap,These ads ran without a disclaimer,≤100,1
169790869704471,Biosani,Biosani,≤100,1
618396841900860,OWNFILTER,These ads ran without a disclaimer,≤100,2
103703678799737,Juntos pelos Farmacêuticos LISTA D,These ads ran without a disclaimer,≤100,1
1810131282643575,Marco Almeida,These ads ran without a disclaimer,≤100,1
438939396190482,Clínica Passeio da Estrela,These ads ran without a disclaimer,≤100,1
106724091407354,Vietnã Topo Viagens,These ads ran without a disclaimer,≤100,1
109902707128136,MOS- Marcha Orgulho Santarém,These ads ran without a disclaimer,≤100,1
101516212181501,AIO Browser,These ads ran without a disclaimer,≤100,1
105504378488027,The Seven Stars,These ads ran without a disclaimer,≤100,1
0,Instagram User 2753197859,These ads ran without a disclaimer,≤100,1
105465508521362,MAUER,These ads ran without a disclaimer,≤100,1
107823287299042,Produtores Florestais,These ads ran without a disclaimer,≤100,1
684301342437945,Reflora Initiative,These ads ran without a disclaimer,≤100,1
102141508228468,PTSD Center,These ads ran without a disclaimer,≤100,1
465080213522643,EcoCocon - Straw Wall System,These ads ran without a disclaimer,≤100,1
53498842922,RFM,These ads ran without a disclaimer,≤100,1
1111434605649972,Dicas de Lisboa,These ads ran without a disclaimer,≤100,1
346516206181540,SMM & Targeting,These ads ran without a disclaimer,≤100,2
0,Instagram User 993900942,These ads ran without a disclaimer,≤100,1
100708115764701,ORST GM,These ads ran without a disclaimer,≤100,41
182225728502109,Opus Diversidades,Opus Diversidades,≤100,1
107773481010127,towbabyteeth,These ads ran without a disclaimer,≤100,1
811759495601277,Solorider sid,These ads ran without a disclaimer,≤100,1
951774571547990,PicSolution,These ads ran without a disclaimer,≤100,1
110498810638016,Lucilã,These ads ran without a disclaimer,≤100,2
101766475763768,"Diversity, Equity, and Inclusion: DEI Strategies for Business Impact",These ads ran without a disclaimer,≤100,4
101711759096660,Dsadqs1,These ads ran without a disclaimer,≤100,1
105807338039355,Fork Daily,These ads ran without a disclaimer,≤100,4
100137598469202,Terra de Miranda - Notícias,These ads ran without a disclaimer,≤100,1
0,Instagram User 552325618,These ads ran without a disclaimer,≤100,1
101147391694635,limonada____,These ads ran without a disclaimer,≤100,1
476193242461984,Movimento Independente por Vila Nova,Nelson Da Cruz Vergas,≤100,1
105898261667580,Vergonhódromo de Montemor Velho,Fernando Vitor Ladeira Pereira,≤100,1
532594210166510,Junta de Freguesia de Moscavide e Portela,These ads ran without a disclaimer,≤100,1
147641248616232,GPS - Grupo Protecção Sicó,These ads ran without a disclaimer,≤100,1
100661818730059,Judgement Day: Decide It,These ads ran without a disclaimer,≤100,8
2119464208306893,IPPS-Iscte,These ads ran without a disclaimer,≤100,1
201252683250999,Temas e Debates,These ads ran without a disclaimer,≤100,1
162909167108418,TUB - Transportes Urbanos de Braga,These ads ran without a disclaimer,≤100,1
101187715635132,CHEGA - Lumiar,These ads ran without a disclaimer,≤100,1
132816753574072,Aproximar,These ads ran without a disclaimer,≤100,1
103891855463377,Vamos trazer a Maria para casa,These ads ran without a disclaimer,≤100,1
103141921724956,Congresso Internacional Sobre Democracia e Justiça no Século XXI - Just2022,These ads ran without a disclaimer,≤100,1
125607520962096,Clínica Lambert,These ads ran without a disclaimer,≤100,1
106914548575317,Коротко о главном,These ads ran without a disclaimer,≤100,1
355842021188191,Flor do brownie,These ads ran without a disclaimer,≤100,1
420473152105021,Dr Armandino Alves - Centro de Ortodontia,These ads ran without a disclaimer,≤100,1
283578125703063,Soudal Portugal,These ads ran without a disclaimer,≤100,2
1198498803640966,The East Gate,These ads ran without a disclaimer,≤100,1
790333161164946,Stefan Adrian Adrian,These ads ran without a disclaimer,≤100,1
103640257692257,Christian Herrrera,These ads ran without a disclaimer,≤100,1
110913397939189,Hotel Royal,These ads ran without a disclaimer,≤100,1
110122171604033,We stand with Ukraine,These ads ran without a disclaimer,≤100,1
77403447721,rcrwireless,These ads ran without a disclaimer,≤100,2
105369442061464,Новости на Первом,These ads ran without a disclaimer,≤100,1
110339967042411,LastObject,These ads ran without a disclaimer,≤100,12
102211281727443,Marketinator,These ads ran without a disclaimer,≤100,1
540998512701683,FinTelegram Social,These ads ran without a disclaimer,≤100,1
218365331532373,Valormed,These ads ran without a disclaimer,≤100,1
1512549022390790,Psicólogo Luís Lameira,These ads ran without a disclaimer,≤100,1
146533072121230,Nicoletta Filella Music,These ads ran without a disclaimer,≤100,1
100586201896998,Decarb Connect,These ads ran without a disclaimer,≤100,1
637515686338540,Radio Neshat / رادیونشاط,These ads ran without a disclaimer,≤100,1
173163310868519,Olga_Sokolenko,These ads ran without a disclaimer,≤100,1
211227445661913,PORTUGUESE IN,These ads ran without a disclaimer,≤100,1
112930781303885,Doação de dinheiro,These ads ran without a disclaimer,≤100,1
181601039457448,AX CAPITAL UAE,These ads ran without a disclaimer,≤100,1
331308174887563,Alliance 8.7,These ads ran without a disclaimer,≤100,1
110913278156749,PortugalImmigrant,These ads ran without a disclaimer,≤100,1
119006106155684,PI Energy,These ads ran without a disclaimer,≤100,1
704661060355327,Peeple,These ads ran without a disclaimer,≤100,1
102452987960118,PMU Prime Brazil,These ads ran without a disclaimer,≤100,1
101396235236998,RaqueldeOliveira EDU,These ads ran without a disclaimer,≤100,1
112130484719857,Bling Wallpeper,These ads ran without a disclaimer,≤100,1
101149931673756,Webfic new app,These ads ran without a disclaimer,≤100,1
106726801699808,Antica Focacceria San Francesco ltd,These ads ran without a disclaimer,≤100,1
111440971449936,Ru,These ads ran without a disclaimer,≤100,12
0,Instagram User 2660350377,These ads ran without a disclaimer,≤100,1
102833841258272,J sandeepa photograpy,These ads ran without a disclaimer,≤100,1
103133752263379,Stop UN Migration Agreement,These ads ran without a disclaimer,≤100,3
105666144829254,Ocean Project,These ads ran without a disclaimer,≤100,4
102371144884962,TVBee World,These ads ran without a disclaimer,≤100,5
215031788633793,Outshine,These ads ran without a disclaimer,≤100,1
106794077936083,Epic Feed,These ads ran without a disclaimer,≤100,1
0,Instagram User 1936219683,These ads ran without a disclaimer,≤100,1
0,Instagram User 2453343628,These ads ran without a disclaimer,≤100,1
100655852242788,The Sense of Silence,These ads ran without a disclaimer,≤100,1
101167831846498,Dailyphant,These ads ran without a disclaimer,≤100,4
295256100520640,Mercatus Center Academic & Student Programs,These ads ran without a disclaimer,≤100,1
105161532002438,Womanship,These ads ran without a disclaimer,≤100,1
112285320240455,Footprint,These ads ran without a disclaimer,≤100,2
100785341838833,moseka_paris,These ads ran without a disclaimer,≤100,1
116243159817029,Pfizer Portugal,These ads ran without a disclaimer,≤100,1
161789877175634,Science at Taylor & Francis,These ads ran without a disclaimer,≤100,1
554405848049694,All Translator Pro-1,These ads ran without a disclaimer,≤100,1
109267831671255,MarI Ost Gm,These ads ran without a disclaimer,≤100,4
190696448246152,Element14 Community,These ads ran without a disclaimer,≤100,1
710680029724924,Guinness Open Gate Brewery,These ads ran without a disclaimer,≤100,1
103672385002534,don.roternan,These ads ran without a disclaimer,≤100,1
140556749292891,National Library of Israel,These ads ran without a disclaimer,≤100,1
106712808491049,Travelpedia,These ads ran without a disclaimer,≤100,1
41486668846,University of Iowa,These ads ran without a disclaimer,≤100,1
177791143103997,EU For You,These ads ran without a disclaimer,≤100,1
1937146806314136,madgicx.com,These ads ran without a disclaimer,≤100,1
1834313933459789,BBC StoryWorks,These ads ran without a disclaimer,≤100,2
206013353671660,DailyBee,These ads ran without a disclaimer,≤100,3
0,Instagram User 2489820910,These ads ran without a disclaimer,≤100,1
578674788809506,"Partizan nije baterija,al'ga svi pune",These ads ran without a disclaimer,≤100,1
106874254592730,Boredom Police,These ads ran without a disclaimer,≤100,2
111223911470729,República Socialista Portuguesa,These ads ran without a disclaimer,≤100,1
110008040394285,Sagarana Editora,These ads ran without a disclaimer,≤100,2
103910138862185,Per Ankh Project,These ads ran without a disclaimer,≤100,1
115085755202153,算命東西軍（紫微斗數 占星座 塔羅）,These ads ran without a disclaimer,≤100,2
127031794038958,Blue Marine Foundation,These ads ran without a disclaimer,≤100,1
107740220972260,€-Peteca,These ads ran without a disclaimer,≤100,1
109856226218609,"Citizens, Equality, Rights and Values Programme",These ads ran without a disclaimer,≤100,1
286566564777610,Rotary Club de  Mafra,These ads ran without a disclaimer,≤100,1
111100840266377,Wacko Jaco,These ads ran without a disclaimer,≤100,1
904243949772631,TMBK Satire,These ads ran without a disclaimer,≤100,1
100424115621359,Narbo Dacal,These ads ran without a disclaimer,≤100,1
118592938221174,ZTE Corporation,These ads ran without a disclaimer,≤100,1
31292782350,Deutschland.de,These ads ran without a disclaimer,≤100,3
137774831234,Ambar - Ideias no Papel,These ads ran without a disclaimer,≤100,1
569855713423951,NOS Escola,These ads ran without a disclaimer,≤100,2
111933001414159,Wifi helper-vei-2.15,These ads ran without a disclaimer,≤100,1
101239711945822,Fly Safe Viagens,These ads ran without a disclaimer,≤100,1
107685491727179,O Investigador,These ads ran without a disclaimer,≤100,1
2079991985390610,Vusal abdullayev,These ads ran without a disclaimer,≤100,1
625126160880224,Canada's Music Incubator,These ads ran without a disclaimer,≤100,1
143577732354028,A Arca,These ads ran without a disclaimer,≤100,1
104111805299714,La Chamba,These ads ran without a disclaimer,≤100,1
101053571827406,𝑺𝒆𝒗𝒊 - 𝑾𝒆𝒍𝒍𝒏𝒆𝒔𝒔 & 𝒀𝒐𝒈𝒂,These ads ran without a disclaimer,≤100,1
103766278329346,fatinharamos,These ads ran without a disclaimer,≤100,1
104067405378131,National Archaeological Museum / Εθνικό Αρχαιολογικό Μουσείο,These ads ran without a disclaimer,≤100,2
1591846840836921,WRBLO,These ads ran without a disclaimer,≤100,1
112234247185285,walterenrriquepinedaparedes,These ads ran without a disclaimer,≤100,1
100781582363545,M113_lin_11,These ads ran without a disclaimer,≤100,1
122831531570404,رائد الحافظ Raeed Alhafez,These ads ran without a disclaimer,≤100,2
107124728204986,elegendbrand,These ads ran without a disclaimer,≤100,1
105353831842790,Titania,These ads ran without a disclaimer,≤100,1
193943541069277,Soyacandles.lt,These ads ran without a disclaimer,≤100,1
103340608709920,Le Troquet Garonne,These ads ran without a disclaimer,≤100,1
107629108298523,Coach Andreia Pereira,These ads ran without a disclaimer,≤100,1
172978423463439,Translate All-Easy Translator-3,These ads ran without a disclaimer,≤100,2
104768742123591,Main Gop GM,These ads ran without a disclaimer,≤100,14
109727914924471,Nb Apps,These ads ran without a disclaimer,≤100,1
217519028785017,Nature Research Custom Media,These ads ran without a disclaimer,≤100,4
309444186542208,Coty Pedrosa - Psicóloga,These ads ran without a disclaimer,≤100,1
233434710072790,Djâmen,These ads ran without a disclaimer,≤100,1
259163764160829,FoE Japan,These ads ran without a disclaimer,≤100,2
105039671446711,Funky Hippo,These ads ran without a disclaimer,≤100,1
102038565134287,Widgetarium,These ads ran without a disclaimer,≤100,1
100722408729129,Gabriella  Kikwaki Author,These ads ran without a disclaimer,≤100,1
196130093764828,The Headline,These ads ran without a disclaimer,≤100,1
20031443281,Namecheap.com,These ads ran without a disclaimer,≤100,3
102481932371190,All Translator Pro for Android,These ads ran without a disclaimer,≤100,1
340577086006224,CRI German,These ads ran without a disclaimer,≤100,1
112057778045054,Sputnik Новости,These ads ran without a disclaimer,≤100,1
172634221551,Phillips,These ads ran without a disclaimer,≤100,1
294837634511305,24/7 Mirror,These ads ran without a disclaimer,≤100,3
155174084508744,Banque mondiale,These ads ran without a disclaimer,≤100,5
101801709121360,Keep Peace & Support Ukraine,These ads ran without a disclaimer,≤100,1
128460617656602,eeDesignIt,These ads ran without a disclaimer,≤100,1
116359023097490,Andrea Mayoral,These ads ran without a disclaimer,≤100,1
115121535188191,Economist Impact Events,These ads ran without a disclaimer,≤100,10
182789340330,Navigator Paper,These ads ran without a disclaimer,≤100,2
110038557114533,5 Media,These ads ran without a disclaimer,≤100,1
111626394658027,La Artesana Estudio,These ads ran without a disclaimer,≤100,1
110640720447076,Voices for Syrians,These ads ran without a disclaimer,≤100,1
106154868620600,Translate All for Android,These ads ran without a disclaimer,≤100,1
102814388936058,Gardening in my heart,These ads ran without a disclaimer,≤100,2
109281344986363,SiegaNativa,These ads ran without a disclaimer,≤100,4
1887394344883841,Leakshare,These ads ran without a disclaimer,≤100,1
106878204252168,Psi jaqueline Paes,These ads ran without a disclaimer,≤100,1
956414094412480,PaliRoots - جذور فلسطين,These ads ran without a disclaimer,≤100,2
352359571448680,Omio,These ads ran without a disclaimer,≤100,2
102924012333205,Thunder Tools for Android,These ads ran without a disclaimer,≤100,4
154303191887041,Big Global Travel,These ads ran without a disclaimer,≤100,2
108729435044190,BoBo Wallpaper-1,These ads ran without a disclaimer,≤100,1
101971347894515,Trend Guru,These ads ran without a disclaimer,≤100,1
234952014084732,GURU,These ads ran without a disclaimer,≤100,7
139308899552925,Zero em Comportamento,These ads ran without a disclaimer,≤100,1
100745679654,scoop.me,These ads ran without a disclaimer,≤100,1
0,Instagram User 7904022273,These ads ran without a disclaimer,≤100,1
104715858410560,Sphera,These ads ran without a disclaimer,≤100,1
108252284987267,L͎i͎s͎t͎e͎n͎ ͎f͎o͎r͎ ͎L͎i͎f͎e͎ ͎S͎t͎o͎r͎e͎s͎,These ads ran without a disclaimer,≤100,1
232479886816529,Cambridge Institute for Sustainability Leadership,These ads ran without a disclaimer,≤100,4
111291204112086,Open Coffee Youth,These ads ran without a disclaimer,≤100,1
292907060825197,Lucidious,These ads ran without a disclaimer,≤100,2
176337595733443,RONY,These ads ran without a disclaimer,≤100,3
110215183850252,Moda Circolare - Sustainable Fashion Consulting Agency,These ads ran without a disclaimer,≤100,1
101451268033499,Noonootravel,These ads ran without a disclaimer,≤100,1
153371894688575,World Bank,These ads ran without a disclaimer,≤100,5
101160311870576,Silvio Júnior consultor financeiro,These ads ran without a disclaimer,≤100,1
367677003257943,European Agency for Safety and Health at Work (EU-OSHA),These ads ran without a disclaimer,≤100,1
1680246322207148,Economia Escolástica,These ads ran without a disclaimer,≤100,1
447530052012574,Беларускі ПЭН / PEN Belarus,These ads ran without a disclaimer,≤100,1
537406009612079,Fancy wallpaper-1,These ads ran without a disclaimer,≤100,4
235945666565031,Food for Life Global,These ads ran without a disclaimer,≤100,10
100690552356813,Kriss_717,These ads ran without a disclaimer,≤100,1
0,Instagram User 695280712,These ads ran without a disclaimer,≤100,1
109323854829811,Minute VPN Android,These ads ran without a disclaimer,≤100,1
106847495018030,De Kas,These ads ran without a disclaimer,≤100,1
103898502184529,Sj tech,These ads ran without a disclaimer,≤100,1
103205961561137,Club Life Design,These ads ran without a disclaimer,≤100,2
106781171861992,Enhistory,These ads ran without a disclaimer,≤100,18
106823434954812,Olivenorma,These ads ran without a disclaimer,≤100,1
107996693570,European University Institute,These ads ran without a disclaimer,≤100,1
561744350652780,Exceptional ALIEN,These ads ran without a disclaimer,≤100,1
100276445320199,Lista B para Bastonário Franklim Marques Ordem dos Farmacêuticos,These ads ran without a disclaimer,≤100,1
100379985701017,PS concelho das Lajes do Pico,These ads ran without a disclaimer,≤100,1
1390745591150821,NRC - Norwegian Refugee Council,These ads ran without a disclaimer,≤100,1
2016450438666111,Viviane Marques,These ads ran without a disclaimer,≤100,1
131189377574,MDPI,These ads ran without a disclaimer,≤100,3
292306430976006,Travel Funtu,These ads ran without a disclaimer,≤100,2
185197004941126,Euroseeds,These ads ran without a disclaimer,≤100,1
465509010251122,Traveler's Buddy,These ads ran without a disclaimer,≤100,1
104883212111168,Новости на Первом,These ads ran without a disclaimer,≤100,1
106168234920814,SpeakIn,These ads ran without a disclaimer,≤100,1
100822638974496,Психология Отношений. Сергей Хохлов,These ads ran without a disclaimer,≤100,2
104048725490953,European news,These ads ran without a disclaimer,≤100,1
6139454979,iLKER Pehriz,These ads ran without a disclaimer,≤100,1
110143798242163,Sdadasd,These ads ran without a disclaimer,≤100,2
172898729389773,Psychoanalysis and Politics,These ads ran without a disclaimer,≤100,1
240794266010710,Ceva Santé Animale,These ads ran without a disclaimer,≤100,1
65693774816,Sennheiser,These ads ran without a disclaimer,≤100,2
820412294768053,VP DICAS - Vivendo Portugal Dicas,These ads ran without a disclaimer,≤100,1
105310261841025,Egetours Travel Agency,These ads ran without a disclaimer,≤100,1
104734552127451,Новости на Первом,These ads ran without a disclaimer,≤100,1
1449052665318446,EU Agency for Asylum - EUAA,These ads ran without a disclaimer,≤100,1
105557718709921,STrE Games ST,These ads ran without a disclaimer,≤100,9
0,Instagram User 5551546243,These ads ran without a disclaimer,≤100,1
990373951005772,Jovem Conservador de Direita,These ads ran without a disclaimer,≤100,1
102083895346649,OceanCare International,These ads ran without a disclaimer,≤100,1
100694672533659,AVANT GARDE WORLD,These ads ran without a disclaimer,≤100,2
105510435398578,Mioea,These ads ran without a disclaimer,≤100,1
101023851750608,Somelos,These ads ran without a disclaimer,≤100,1
100297572348774,Dockside Hostel,These ads ran without a disclaimer,≤100,1
359136647518228,Meta Careers,These ads ran without a disclaimer,≤100,1
105642778695238,Rotary Star,These ads ran without a disclaimer,≤100,1
1526469364334033,Justin Brown,These ads ran without a disclaimer,≤100,3
101978933230493,DHL,These ads ran without a disclaimer,≤100,5
0,Instagram User 2271793154,These ads ran without a disclaimer,≤100,1
113682460051,Pencils Of Promise,These ads ran without a disclaimer,≤100,1
466398700168426,Ideas Powered,These ads ran without a disclaimer,≤100,1
1593820680884174,Ocean Generation,These ads ran without a disclaimer,≤100,1
349085019500436,The Future Factory,These ads ran without a disclaimer,≤100,1
105011045421016,simeiapsi_,These ads ran without a disclaimer,≤100,1
110848064784403,AIO Social Media Browser-global,These ads ran without a disclaimer,≤100,1
212732770186,Tom MacDonald,These ads ran without a disclaimer,≤100,1
718643288335771,Bootsdepots.com,These ads ran without a disclaimer,≤100,1
100773891887664,Dr. Nostalgia,These ads ran without a disclaimer,≤100,1
112757083778788,"Economic Daily, China",These ads ran without a disclaimer,≤100,1
100680499084475,GDS Youth,These ads ran without a disclaimer,≤100,1
189376897741771,Oceaneye,These ads ran without a disclaimer,≤100,1
101634025704451,Trashnfts,These ads ran without a disclaimer,≤100,1
103364088523533,Book of fun,These ads ran without a disclaimer,≤100,1
102367702367824,M o r a b e z a On The Go,These ads ran without a disclaimer,≤100,1
1044200079116957,Samira Figueiredo -  Naturopata,These ads ran without a disclaimer,≤100,1
227664361935152,dive.the.world,These ads ran without a disclaimer,≤100,1
108349501513313,Athena Equality,These ads ran without a disclaimer,≤100,1
19740928752,World Animal Protection,These ads ran without a disclaimer,≤100,1
309097452488158,WEEC,These ads ran without a disclaimer,≤100,1
104614781454713,Adamant BioNRG,These ads ran without a disclaimer,≤100,1
1874159326204320,Rodrigo Vernes-Pinto,These ads ran without a disclaimer,≤100,1
108587664347842,NotaBene_News,These ads ran without a disclaimer,≤100,1
107601834737964,_ta_samaya_reads_,These ads ran without a disclaimer,≤100,1
104913428513503,Alone_M107B_2,These ads ran without a disclaimer,≤100,1
110470091436602,Ici Beyrouth,These ads ran without a disclaimer,≤100,2
209009417582,"Fr. Peyton Centre, Attymass, Ballina, Co. Mayo",These ads ran without a disclaimer,≤100,1
100522005784293,Children For Christ International,These ads ran without a disclaimer,≤100,1
191869120824391,British Institute of International and Comparative Law,These ads ran without a disclaimer,≤100,1
587669431324370,Onshape Inc.,These ads ran without a disclaimer,≤100,1
2222935907949814,A Good Company,These ads ran without a disclaimer,≤100,1
299227550122220,Radio Cina Internazionale,These ads ran without a disclaimer,≤100,2
105010458357197,art_eshanu,These ads ran without a disclaimer,≤100,1
224597158386607,Rosa Luxemburg Foundation,These ads ran without a disclaimer,≤100,1
103473065392224,"João Soeiro - Por Sacavém e Prior Velho, CHEGA 2021",These ads ran without a disclaimer,≤100,1
517231405008910,Global Landscapes Forum,These ads ran without a disclaimer,≤100,1
51772502686,Maker Faire,These ads ran without a disclaimer,≤100,1
100665478811481,O Bom Imigrante,These ads ran without a disclaimer,≤100,1
104834665450925,Black Lives Justice,These ads ran without a disclaimer,≤100,1
95775573753,Frontiers,These ads ran without a disclaimer,≤100,1
101607198167304,Medthority,These ads ran without a disclaimer,≤100,1
105293119509017,Metals News,These ads ran without a disclaimer,≤100,1
198239603539326,PoetsArtists,These ads ran without a disclaimer,≤100,1
100621845877987,Charles at Digital Infra Network,These ads ran without a disclaimer,≤100,1
1540045636302649,Arolsen Archives,These ads ran without a disclaimer,≤100,1
107562341786061,Dov Stories,These ads ran without a disclaimer,≤100,1
335822339798949,SALTO-Youth Participation & Information,These ads ran without a disclaimer,≤100,1
341145496161,Jornal Ensino Magazine,These ads ran without a disclaimer,≤100,1
105227188042468,ruyrcruz_arte,These ads ran without a disclaimer,≤100,1
230859640280134,SOFER Initiative,These ads ran without a disclaimer,≤100,1
246394715021,The Drum,These ads ran without a disclaimer,≤100,2
315160671967064,Council of Europe DG Human Rights and Rule of Law,These ads ran without a disclaimer,≤100,2
111056574713701,Company in Lithuania UAB,These ads ran without a disclaimer,≤100,1
1548105145457596,DG Media,These ads ran without a disclaimer,≤100,1
292351509697,Jerusalem Prayer Team,These ads ran without a disclaimer,≤100,2
56501027948,Fortune,These ads ran without a disclaimer,≤100,1
106060947510901,lavidademarichan,These ads ran without a disclaimer,≤100,1
102713792170177,Man_2_M113,These ads ran without a disclaimer,≤100,1
127848427228660,Indigo Be Madagascar,These ads ran without a disclaimer,≤100,1
103783772159451,Vidbuzz,These ads ran without a disclaimer,≤100,1
109484729082711,Climate Tracker,These ads ran without a disclaimer,≤100,1
1451938855072728,Siaka Barry,These ads ran without a disclaimer,≤100,1
200143796676989,Axcel Sports,These ads ran without a disclaimer,≤100,1
5740844431,University of Aberdeen,These ads ran without a disclaimer,≤100,1
100687115834022,A Primeira Dama,These ads ran without a disclaimer,≤100,1
109391611194687,Lada Lan,These ads ran without a disclaimer,≤100,1
1588954158095724,Rare2Aware,These ads ran without a disclaimer,≤100,1
102366158838715,Invest,These ads ran without a disclaimer,≤100,1
103401302279677,Wifi helper-v-2.15,These ads ran without a disclaimer,≤100,1
100745397005333,Hisense,These ads ran without a disclaimer,≤100,1
153356518080686,eLearning Industry,These ads ran without a disclaimer,≤100,1
339080013459366,Dèyè Lakay,These ads ran without a disclaimer,≤100,1
150109206447,UNICEF Uganda,These ads ran without a disclaimer,≤100,1
962735740426552,Scrap,These ads ran without a disclaimer,≤100,1
728314607886877,Bougatsa Giannis,These ads ran without a disclaimer,≤100,1
111817891400355,StayEco,These ads ran without a disclaimer,≤100,1
210439572404391,Geistlich Pharma AG,These ads ran without a disclaimer,≤100,1
101466184613456,Fuzzy Times,These ads ran without a disclaimer,≤100,1
123102791708088,Van Oord,These ads ran without a disclaimer,≤100,1
599528406783354,Films4You,These ads ran without a disclaimer,≤100,1