﻿Page ID,Page name,Disclaimer,Amount spent (EUR)
178362315106,European Parliament,European Parliament,132
163880252839,Deco Proteste,DECO PROTESTE,≤100
100956195462445,ENTR pt,RTP,≤100
193697864002162,UNICEF Portugal,UNICEF Portugal,≤100
113734425308564,Ben & Jerry's,Unilever FIMA,≤100
122344957784863,Amnistia Internacional Portugal,Amnistia Internacional Portugal,≤100
197936253581591,Fundação Francisco Manuel dos Santos,Fundação Francisco Manuel dos Santos,≤100
170400489279,Representação da Comissão Europeia em Portugal,Representação da Comissão Europeia em Portugal,≤100
107898832590939,European Commission,European Commission,≤100
100981728397170,Mais Liberdade,Instituto Mais Liberdade,≤100
101826228779402,CNN Portugal,CNN Portugal,≤100
107038856024130,TVI,"TVI - Televisão Independente, S.A.",≤100
325947881481785,Mais Cofidis,Mais Cofidis,≤100
113387386723680,Pensa Positivo,Movimento Pensa Positivo,≤100
863284277093093,Pingo Doce,Pingo Doce,≤100
123061614692,Nestlé,Nestlé,≤100
397962160783891,Álvaro Amaro,PPE Grupo do Partido Popular Europeu,≤100
209803832591,Kobo,These ads ran without a disclaimer,≤100
440341036369937,Goldenergy,These ads ran without a disclaimer,≤100
527351247377965,European Committee of the Regions,European Committee of the Regions,≤100
105442915248410,RBI - Um Caminho de Liberdade,Franciscoguerreiro.eu,≤100
481847405755917,Teva Portugal,Teva Portugal,≤100
261612214425915,Lídia Pereira,Lídia Pereira,≤100
101920814806371,Casa dos livros,Manuel Augusto Monteiro,≤100
123061614692,Nestlé,These ads ran without a disclaimer,≤100
112857423489214,Ajuda em Ação,Ajuda em Ação,≤100
901697383231864,Contas Connosco,Contas Connosco,≤100
204475619649483,Alerta Emprego,Alerta Emprego,≤100
115415594383277,Futuro.PT,Assembleias de Cidadãos Portugal,≤100
108941981692059,Futuro com Garra - Ricardo Oliveira 2022,These ads ran without a disclaimer,≤100
726612704081415,Clube de Lisboa,Clube de Lisboa,≤100
147547541961576,Council of the European Union,Council of the European Union,≤100
103026268266479,Tal&Qual,"PAREM AS MAQUINAS, EDICOES E JORNALISMO, LDA",≤100
264083326952712,VIDA ONGD,ONGD VIDA,≤100
1536746203302018,Fumaça,Fumaça,≤100
112512893513440,Shaeco,These ads ran without a disclaimer,≤100
145359705502132,Pordata,PORDATA,≤100
105059345282537,"Lista F - Pelo Farmacêutico, por um Futuro Renovado","Candidatura Pelo Farmacêutico, Por um Futuro Renovado",≤100
101980388264726,João Silva de Almeida,João Pedro Silva de Almeida,≤100
103249915615537,Futuro.PT,Assembleias de Cidadãos Portugal,≤100
106592118490859,Félix Carvalho Presidente OFNorte,These ads ran without a disclaimer,≤100
28928259418,"Saïd Business School, University of Oxford",These ads ran without a disclaimer,≤100
107971340985987,Placard,These ads ran without a disclaimer,≤100
179851552092632,Manuel Portugal Lage,Manuel Portugal,≤100
100540912157837,Palácio da Leitura,Maria Antónia Gens Fialho Luís,≤100
384134725550918,Pelo Meu Sporting,Pelo Meu Sporting,≤100
104333698212980,Lucinda Ribeiro,Rui Alves,≤100
1425354844360059,Semanário V,Semanário V,≤100
104590578503413,Nova Geração 2021,PSD Vila Franca de Xira,≤100
283848242417755,Eco Purify,These ads ran without a disclaimer,≤100
106176850920049,Forum da Energia e Clima,FÓRUM DA ENERGIA E CLIMA,≤100
158714780827513,UNFPA,UNFPA,≤100
104327948772280,Onde Está Silvina?,Mário Daniel Nunes Penim Redondo,≤100
107046786040897,O Mirante,O MIRANTE,≤100
100602915032991,Pedro Tadeu,Pedro Tadeu,≤100
393037280875657,Europe in my region,These ads ran without a disclaimer,≤100
108384981683516,Cidadania pelo Clima,João Pedro Silveira Vieira,≤100
197936253581591,Fundação Francisco Manuel dos Santos,These ads ran without a disclaimer,≤100
245094455536925,FOUR PAWS,These ads ran without a disclaimer,≤100
116396232058048,ELLA,Daniela Vieira Da Costa,≤100
114559831961352,DECISÕES E SOLUÇÕES PORTUGAL,DECISÕES E SOLUÇÕES PORTUGAL,≤100
211315352267434,Proteste Investe,Proteste Investe,≤100
347829038571812,Aldeias de Crianças SOS Portugal,Aldeias de Crianças SOS Portugal,≤100
108383397178648,Bokay,Tiago Gomes,≤100
129586383695,Município de Oeiras,Município de Oeiras,≤100
107420174018142,Be The Story,These ads ran without a disclaimer,≤100
113489815373143,Israel em Portugal,These ads ran without a disclaimer,≤100
105666144829254,Ocean Project,These ads ran without a disclaimer,≤100
311215249042615,Gerador,Associação Cultural Gerador,≤100
108357908290076,Pedro Vieitas Antunes,Pedro Vieitas Antunes,≤100
105546958256097,Barbeau,These ads ran without a disclaimer,≤100
100655852242788,The Sense of Silence,These ads ran without a disclaimer,≤100
428901067880588,Diogo Araújo Dantas,Diogo da Rocha Antunes de Araújo Dantas,≤100
105596311679101,Suzana Garcia - Amadora,Tiago Joaquim Da Cruz Fernandes,≤100
80365954731,SIC,These ads ran without a disclaimer,≤100
732533143800219,Endesa Portugal,These ads ran without a disclaimer,≤100
122739536410,Galeria Miguel Nabinho,These ads ran without a disclaimer,≤100
280379538686174,Olhares de Lisboa / Vida na Cidade,Olhares de Lisboa,≤100
111657418074778,Avançamos Hoje,These ads ran without a disclaimer,≤100
158714780827513,UNFPA,These ads ran without a disclaimer,≤100
104389365279900,PS na Assembleia Municipal de Pombal,João André Varela Coelho,≤100
105557718709921,STrE Games ST,These ads ran without a disclaimer,≤100
75019832667,AMI - Assistência Médica Internacional,These ads ran without a disclaimer,≤100
359136647518228,Meta Careers,These ads ran without a disclaimer,≤100
106124631480931,Tribuna do Baixo Mondego,Fernando Vitor Ladeira Pereira,≤100
102814388936058,Gardening in my heart,These ads ran without a disclaimer,≤100
1284348874996659,Futur/io,These ads ran without a disclaimer,≤100
392011914244276,Muneeb Shakil Kazi,These ads ran without a disclaimer,≤100
442469429516570,Arte Central,These ads ran without a disclaimer,≤100
102141508228468,PTSD Center,These ads ran without a disclaimer,≤100
127437908871,José Ribeiro e Castro,José Duarte de Almeida Ribeiro e Castro,≤100
162909167108418,TUB - Transportes Urbanos de Braga,These ads ran without a disclaimer,≤100
295276607637772,Companhia Nacional de Espectáculos,These ads ran without a disclaimer,≤100
645883972168019,ibis,These ads ran without a disclaimer,≤100
1846196185665307,Eurostat,These ads ran without a disclaimer,≤100
100137598469202,Terra de Miranda - Notícias,These ads ran without a disclaimer,≤100
103142542227332,Assistência Continuada,These ads ran without a disclaimer,≤100
1574192119554761,Beko,These ads ran without a disclaimer,≤100
103703678799737,Juntos pelos Farmacêuticos LISTA D,These ads ran without a disclaimer,≤100
113118913576126,PSD no Parlamento Europeu,PSD no Parlamento Europeu,≤100
111626394658027,La Artesana Estudio,These ads ran without a disclaimer,≤100
126547797517924,Cantinho - moda,These ads ran without a disclaimer,≤100
149596731915310,Colgate Portugal,These ads ran without a disclaimer,≤100
130012000568,Portugal Resident,Open Media SA,≤100
560013724042990,Ricardo Rio,Ricardo Rio,≤100
465080213522643,EcoCocon - Straw Wall System,These ads ran without a disclaimer,≤100
100864338676619,Saison France-Portugal 2022,These ads ran without a disclaimer,≤100
298676294165580,Portal do Eleitor,Secretaria Geral da Administração Interna,≤100
300219936795765,Rui Madeira,These ads ran without a disclaimer,≤100
1443792925918798,Federação Nacional dos Médicos,Federação Nacional dos Médicos,≤100
0,Instagram User 5246629081,These ads ran without a disclaimer,≤100
169790869704471,Biosani,Biosani,≤100
105510435398578,Mioea,These ads ran without a disclaimer,≤100
300506179963875,Marco Almeida,Marco Paulo Caldeira De Almeida,≤100
166220000072022,Carlos Eduardo Reis,Carlos Eduardo Reis,≤100
225879377471624,AIMS Meeting,Felipe Gonçalves Bezerra,≤100
100359345915677,Thirteen Leaflets,These ads ran without a disclaimer,≤100
536711849859363,Wwe tio the shield,These ads ran without a disclaimer,≤100
105974121333807,Rede Pares,Rede Pares,≤100
109902707128136,MOS- Marcha Orgulho Santarém,These ads ran without a disclaimer,≤100
228606667667157,MPULSE,These ads ran without a disclaimer,≤100
132816753574072,Aproximar,These ads ran without a disclaimer,≤100
1113776811977999,VIPUR,These ads ran without a disclaimer,≤100
355842021188191,Flor do brownie,These ads ran without a disclaimer,≤100
182225728502109,Opus Diversidades,Opus Diversidades,≤100
767286956636065,LeYa Educação,These ads ran without a disclaimer,≤100
207898950181,Goethe-Institut Portugal,Goethe-Institut Portugal,≤100
108384981683516,Cidadania pelo Clima,These ads ran without a disclaimer,≤100
103516898826266,Candidatura OE 2022 - Região Centro - José Valle,These ads ran without a disclaimer,≤100
111440971449936,Ru,These ads ran without a disclaimer,≤100
748172598653051,Nuno Carvalho,Nuno Miguel Oliveira De Carvalho,≤100
125092147543317,Saugella Portugal,These ads ran without a disclaimer,≤100
1626040974155214,Luís Nobre,Joaquim Luís Nobre Pereira,≤100
811759495601277,Solorider sid,These ads ran without a disclaimer,≤100
1398870106854568,Ei - Educação e Informação Financeira,Associação Mutualista Montepio,≤100
103670915539752,MCA Eventos,These ads ran without a disclaimer,≤100
106122038455124,Miguel Sousa Neves,Miguel Sousa Neves,≤100
112105337646719,Ferrari Menezes,These ads ran without a disclaimer,≤100
37293837321,FOX Comedy Portugal,These ads ran without a disclaimer,≤100
102397628788087,Segue a Corrente,These ads ran without a disclaimer,≤100
107195208545011,Kykys Clan Gm,These ads ran without a disclaimer,≤100
109281344986363,SiegaNativa,These ads ran without a disclaimer,≤100
411416286140977,ANAM,Associação Nacional de Assembleias Municipais,≤100
104734552127451,Новости на Первом,These ads ran without a disclaimer,≤100
105981414430934,LMM - Advogados,Luis Martins e Associados Soc. Advogados,≤100
73970658023,International Rescue Committee,These ads ran without a disclaimer,≤100
103659618798082,Mcd - Movimento Cidadania Democrática,Fernando Vitor Ladeira Pereira,≤100
2119464208306893,IPPS-Iscte,These ads ran without a disclaimer,≤100
75019832667,AMI - Assistência Médica Internacional,AMI - Assistência Médica Internacional,≤100
937560123015996,saudeonline.pt,Saúde Online,≤100
123784121017831,Sage,These ads ran without a disclaimer,≤100
65693774816,Sennheiser,These ads ran without a disclaimer,≤100
2311672302410795,Fernando Santos,Fernando Paulo Dos Santos,≤100
760522374029421,Observatório da Isenção Informativa,These ads ran without a disclaimer,≤100
740549232744278,Revista Rua,These ads ran without a disclaimer,≤100
529885530685658,Olhar Loures,Olhar Loures,≤100
116243159817029,Pfizer Portugal,These ads ran without a disclaimer,≤100
104768742123591,Main Gop GM,These ads ran without a disclaimer,≤100
732285496890083,Francisco Mota,Francisco José Peres Filipe Mota,≤100
0,Instagram User 350914849,These ads ran without a disclaimer,≤100
108352037751716,Dr-Ahmed Azmy,These ads ran without a disclaimer,≤100
106712808491049,Travelpedia,These ads ran without a disclaimer,≤100
105465508521362,MAUER,These ads ran without a disclaimer,≤100
118810840712979,Stak Gl Gq,These ads ran without a disclaimer,≤100
100708115764701,ORST GM,These ads ran without a disclaimer,≤100
230530994542764,"VoteDHr - Eleições, Democracia e Direitos Humanos",Carla Sofia Luis,≤100
527351247377965,European Committee of the Regions,These ads ran without a disclaimer,≤100
111182917030075,Bayer Portugal,These ads ran without a disclaimer,≤100
632042350574549,Oeiras Valley,These ads ran without a disclaimer,≤100
109267831671255,MarI Ost Gm,These ads ran without a disclaimer,≤100
107307871854945,Behind The Scenes,These ads ran without a disclaimer,≤100
366508799762,ACN - Ajuda à Igreja que Sofre,ACN - Ajuda à Igreja que Sofre,≤100
211227445661913,PORTUGUESE IN,These ads ran without a disclaimer,≤100
2215713501987458,Sysdig,These ads ran without a disclaimer,≤100
100379985701017,PS concelho das Lajes do Pico,These ads ran without a disclaimer,≤100
331965446932156,HORIZON: the EU Research & Innovation magazine,These ads ran without a disclaimer,≤100
2021861364761808,QUINAS,These ads ran without a disclaimer,≤100
1135398056567227,Affidea Portugal,These ads ran without a disclaimer,≤100
283578125703063,Soudal Portugal,These ads ran without a disclaimer,≤100
135812949817470,Instituto CRIAP,These ads ran without a disclaimer,≤100
147641248616232,GPS - Grupo Protecção Sicó,These ads ran without a disclaimer,≤100
116372875154801,Movimento Alternativa Socialista,Movimento Alternativa Socialista,≤100
0,Instagram User 993900942,These ads ran without a disclaimer,≤100
369207423132054,شــرطــة مــكــافــحــة الــعاهــات,These ads ran without a disclaimer,≤100
232479886816529,Cambridge Institute for Sustainability Leadership,These ads ran without a disclaimer,≤100
109856226218609,"Citizens, Equality, Rights and Values Programme",These ads ran without a disclaimer,≤100
144709575593854,EESC - European Economic and Social Committee,EESC - European Economic and Social Committee,≤100
112474584678476,Brеаking Nеws,These ads ran without a disclaimer,≤100
117745288271605,Altice Portugal,These ads ran without a disclaimer,≤100
107802861819435,UC Challenges for Global Sustainability,These ads ran without a disclaimer,≤100
106156255270420,Croffee_pt,These ads ran without a disclaimer,≤100
107114954161807,Rui Novais da Silva,Novais Da Silva,≤100
108586385040096,Partido Pro Animais,Partido Pro Animais,≤100
113689857804901,"INcomum, Consultoria e Formação",These ads ran without a disclaimer,≤100
107196424848696,Núcleo Comunitário e Solidário de Pereira- AMIP,Fernando Vitor Ladeira Pereira,≤100
191194028179195,Castilho Advogados International Law Firm,Castilho International Legal Corporation,≤100
104078275475537,Gabli Gm,These ads ran without a disclaimer,≤100
110577711085025,Clap,These ads ran without a disclaimer,≤100
100276445320199,Lista B para Bastonário Franklim Marques Ordem dos Farmacêuticos,These ads ran without a disclaimer,≤100
112686924644646,Movimento TVDE,These ads ran without a disclaimer,≤100
582360601854799,Manuseado,These ads ran without a disclaimer,≤100
218348421641772,Juventude Socialista de Águeda,Secretariado JS Águeda,≤100
384134725550918,Pelo Meu Sporting,These ads ran without a disclaimer,≤100