﻿Page ID,Page name,Disclaimer,Amount spent (EUR)
122344957784863,Amnistia Internacional Portugal,Amnistia Internacional Portugal,≤100
100956195462445,ENTR pt,RTP,≤100
100981728397170,Mais Liberdade,Instituto Mais Liberdade,≤100
392011914244276,Muneeb Shakil Kazi,These ads ran without a disclaimer,≤100
101826228779402,CNN Portugal,CNN Portugal,≤100
397962160783891,Álvaro Amaro,PPE Grupo do Partido Popular Europeu,≤100
726612704081415,Clube de Lisboa,Clube de Lisboa,≤100
104078275475537,Gabli Gm,These ads ran without a disclaimer,≤100
103142542227332,Assistência Continuada,These ads ran without a disclaimer,≤100
111182917030075,Bayer Portugal,These ads ran without a disclaimer,≤100
113387386723680,Pensa Positivo,Movimento Pensa Positivo,≤100
125092147543317,Saugella Portugal,These ads ran without a disclaimer,≤100
113734425308564,Ben & Jerry's,Unilever FIMA,≤100
178362315106,European Parliament,European Parliament,≤100
112857423489214,Ajuda em Ação,Ajuda em Ação,≤100
73970658023,International Rescue Committee,These ads ran without a disclaimer,≤100
28928259418,"Saïd Business School, University of Oxford",These ads ran without a disclaimer,≤100
863284277093093,Pingo Doce,Pingo Doce,≤100