﻿Page ID,Page name,Disclaimer,Amount spent (EUR)
178362315106,European Parliament,European Parliament,1482
122344957784863,Amnistia Internacional Portugal,Amnistia Internacional Portugal,799
100956195462445,ENTR pt,RTP,698
113734425308564,Ben & Jerry's,Unilever FIMA,611
163880252839,Deco Proteste,DECO PROTESTE,581
193697864002162,UNICEF Portugal,UNICEF Portugal,556
107898832590939,European Commission,European Commission,354
197936253581591,Fundação Francisco Manuel dos Santos,Fundação Francisco Manuel dos Santos,183
101826228779402,CNN Portugal,CNN Portugal,131
107038856024130,TVI,"TVI - Televisão Independente, S.A.",126
100981728397170,Mais Liberdade,Instituto Mais Liberdade,122
170400489279,Representação da Comissão Europeia em Portugal,Representação da Comissão Europeia em Portugal,113
113387386723680,Pensa Positivo,Movimento Pensa Positivo,104
325947881481785,Mais Cofidis,Mais Cofidis,≤100
863284277093093,Pingo Doce,Pingo Doce,≤100
311215249042615,Gerador,Associação Cultural Gerador,≤100
105442915248410,RBI - Um Caminho de Liberdade,Franciscoguerreiro.eu,≤100
384134725550918,Pelo Meu Sporting,Pelo Meu Sporting,≤100
123061614692,Nestlé,Nestlé,≤100
158714780827513,UNFPA,UNFPA,≤100
527351247377965,European Committee of the Regions,European Committee of the Regions,≤100
209803832591,Kobo,These ads ran without a disclaimer,≤100
1622906634634790,José Henrique Pinto,José Henrique Ribeiro Pinto,≤100
560013724042990,Ricardo Rio,Ricardo Rio,≤100
28928259418,"Saïd Business School, University of Oxford",These ads ran without a disclaimer,≤100
204475619649483,Alerta Emprego,Alerta Emprego,≤100
123061614692,Nestlé,These ads ran without a disclaimer,≤100
101920814806371,Casa dos livros,Manuel Augusto Monteiro,≤100
901697383231864,Contas Connosco,Contas Connosco,≤100
103026268266479,Tal&Qual,"PAREM AS MAQUINAS, EDICOES E JORNALISMO, LDA",≤100
108755073874627,Objectivo,These ads ran without a disclaimer,≤100
103245457832317,"Consultoria, Análise e Formação Forense",João Pedro Sebastião de Sousa,≤100
115415594383277,Futuro.PT,Assembleias de Cidadãos Portugal,≤100
397962160783891,Álvaro Amaro,PPE Grupo do Partido Popular Europeu,≤100
264083326952712,VIDA ONGD,ONGD VIDA,≤100
481847405755917,Teva Portugal,Teva Portugal,≤100
145359705502132,Pordata,PORDATA,≤100
347829038571812,Aldeias de Crianças SOS Portugal,Aldeias de Crianças SOS Portugal,≤100
112857423489214,Ajuda em Ação,Ajuda em Ação,≤100
103249915615537,Futuro.PT,Assembleias de Cidadãos Portugal,≤100
108941981692059,Futuro com Garra - Ricardo Oliveira 2022,These ads ran without a disclaimer,≤100
147547541961576,Council of the European Union,Council of the European Union,≤100
105059345282537,"Lista F - Pelo Farmacêutico, por um Futuro Renovado","Candidatura Pelo Farmacêutico, Por um Futuro Renovado",≤100
101980388264726,João Silva de Almeida,João Pedro Silva de Almeida,≤100
261612214425915,Lídia Pereira,Lídia Pereira,≤100
462656197200641,Velociporto,Ana Isabel Teixeira,≤100
112512893513440,Shaeco,These ads ran without a disclaimer,≤100
100602915032991,Pedro Tadeu,Pedro Tadeu,≤100
73970658023,International Rescue Committee,These ads ran without a disclaimer,≤100
440341036369937,Goldenergy,These ads ran without a disclaimer,≤100
1425354844360059,Semanário V,Semanário V,≤100
245094455536925,FOUR PAWS,These ads ran without a disclaimer,≤100
106592118490859,Félix Carvalho Presidente OFNorte,These ads ran without a disclaimer,≤100
211315352267434,Proteste Investe,Proteste Investe,≤100
114559831961352,DECISÕES E SOLUÇÕES PORTUGAL,DECISÕES E SOLUÇÕES PORTUGAL,≤100
1536746203302018,Fumaça,Fumaça,≤100
162531970474799,Visit Maia,These ads ran without a disclaimer,≤100
108384981683516,Cidadania pelo Clima,João Pedro Silveira Vieira,≤100
158714780827513,UNFPA,These ads ran without a disclaimer,≤100
726612704081415,Clube de Lisboa,Clube de Lisboa,≤100
129586383695,Município de Oeiras,Município de Oeiras,≤100
428901067880588,Diogo Araújo Dantas,Diogo da Rocha Antunes de Araújo Dantas,≤100
679930195455520,FREE NOW,These ads ran without a disclaimer,≤100
106122038455124,Miguel Sousa Neves,Miguel Sousa Neves,≤100
100864338676619,Saison France-Portugal 2022,These ads ran without a disclaimer,≤100
108383397178648,Bokay,Tiago Gomes,≤100
104590578503413,Nova Geração 2021,PSD Vila Franca de Xira,≤100
1226305587401496,chumbo,chumbo,≤100
179851552092632,Manuel Portugal Lage,Manuel Portugal,≤100
107420174018142,Be The Story,These ads ran without a disclaimer,≤100
106176850920049,Forum da Energia e Clima,FÓRUM DA ENERGIA E CLIMA,≤100
197936253581591,Fundação Francisco Manuel dos Santos,These ads ran without a disclaimer,≤100
113118913576126,PSD no Parlamento Europeu,PSD no Parlamento Europeu,≤100
225879377471624,AIMS Meeting,Felipe Gonçalves Bezerra,≤100
107971340985987,Placard,These ads ran without a disclaimer,≤100
104327948772280,Onde Está Silvina?,Mário Daniel Nunes Penim Redondo,≤100
100540912157837,Palácio da Leitura,Maria Antónia Gens Fialho Luís,≤100
411416286140977,ANAM,Associação Nacional de Assembleias Municipais,≤100
1443792925918798,Federação Nacional dos Médicos,Federação Nacional dos Médicos,≤100
393037280875657,Europe in my region,These ads ran without a disclaimer,≤100
105974121333807,Rede Pares,Rede Pares,≤100
111182917030075,Bayer Portugal,These ads ran without a disclaimer,≤100
283848242417755,Eco Purify,These ads ran without a disclaimer,≤100
230530994542764,"VoteDHr - Eleições, Democracia e Direitos Humanos",Carla Sofia Luis,≤100
116396232058048,ELLA,Daniela Vieira Da Costa,≤100
125092147543317,Saugella Portugal,These ads ran without a disclaimer,≤100
149596731915310,Colgate Portugal,These ads ran without a disclaimer,≤100
107046786040897,O Mirante,O MIRANTE,≤100
207898950181,Goethe-Institut Portugal,Goethe-Institut Portugal,≤100
162224703842642,Cristóvão Norte,Cristóvão Duarte Nunes Guerreiro Norte,≤100
366508799762,ACN - Ajuda à Igreja que Sofre,ACN - Ajuda à Igreja que Sofre,≤100
384134725550918,Pelo Meu Sporting,These ads ran without a disclaimer,≤100
2215713501987458,Sysdig,These ads ran without a disclaimer,≤100
191194028179195,Castilho Advogados International Law Firm,Castilho International Legal Corporation,≤100
108637620485364,Brain Nuggets,These ads ran without a disclaimer,≤100
1427533934235378,Toni Germani - Jazz,These ads ran without a disclaimer,≤100
218348421641772,Juventude Socialista de Águeda,Secretariado JS Águeda,≤100
104333698212980,Lucinda Ribeiro,Rui Alves,≤100
127437908871,José Ribeiro e Castro,José Duarte de Almeida Ribeiro e Castro,≤100
116372875154801,Movimento Alternativa Socialista,Movimento Alternativa Socialista,≤100
2311672302410795,Fernando Santos,Fernando Paulo Dos Santos,≤100
104078275475537,Gabli Gm,These ads ran without a disclaimer,≤100
582360601854799,Manuseado,These ads ran without a disclaimer,≤100
103249178203103,Corruptos,Álvaro Mendonça,≤100
1574192119554761,Beko,These ads ran without a disclaimer,≤100
135812949817470,Instituto CRIAP,These ads ran without a disclaimer,≤100
80365954731,SIC,These ads ran without a disclaimer,≤100
114600613245581,Espaço Dani FIT,These ads ran without a disclaimer,≤100
527351247377965,European Committee of the Regions,These ads ran without a disclaimer,≤100
748172598653051,Nuno Carvalho,Nuno Miguel Oliveira De Carvalho,≤100
166220000072022,Carlos Eduardo Reis,Carlos Eduardo Reis,≤100
683693318769050,NordPass,These ads ran without a disclaimer,≤100
75019832667,AMI - Assistência Médica Internacional,AMI - Assistência Médica Internacional,≤100
2021861364761808,QUINAS,These ads ran without a disclaimer,≤100
103670915539752,MCA Eventos,These ads ran without a disclaimer,≤100
767286956636065,LeYa Educação,These ads ran without a disclaimer,≤100
107802861819435,UC Challenges for Global Sustainability,These ads ran without a disclaimer,≤100
452386461851015,QB Quanto Baste,These ads ran without a disclaimer,≤100
130012000568,Portugal Resident,Open Media SA,≤100
442469429516570,Arte Central,These ads ran without a disclaimer,≤100
197167966960494,Jesuítas em Portugal,José Maria Serrano Marques Mesquita Brito,≤100
106542051591660,VERDE,These ads ran without a disclaimer,≤100
105596311679101,Suzana Garcia - Amadora,Tiago Joaquim Da Cruz Fernandes,≤100
112686924644646,Movimento TVDE,These ads ran without a disclaimer,≤100
645883972168019,ibis,These ads ran without a disclaimer,≤100
111657418074778,Avançamos Hoje,These ads ran without a disclaimer,≤100
103142542227332,Assistência Continuada,These ads ran without a disclaimer,≤100
1398870106854568,Ei - Educação e Informação Financeira,Associação Mutualista Montepio,≤100
122739536410,Galeria Miguel Nabinho,These ads ran without a disclaimer,≤100
100975278036543,"Lourenço Pereira Coutinho Historiador, Escritor",These ads ran without a disclaimer,≤100
228606667667157,MPULSE,These ads ran without a disclaimer,≤100
105981414430934,LMM - Advogados,Luis Martins e Associados Soc. Advogados,≤100
112105337646719,Ferrari Menezes,These ads ran without a disclaimer,≤100
587845577964346,Médicos Sem Fronteiras,These ads ran without a disclaimer,≤100
0,Instagram User 5246629081,These ads ran without a disclaimer,≤100
106156255270420,Croffee_pt,These ads ran without a disclaimer,≤100
1846196185665307,Eurostat,These ads ran without a disclaimer,≤100
300219936795765,Rui Madeira,These ads ran without a disclaimer,≤100
732533143800219,Endesa Portugal,These ads ran without a disclaimer,≤100
118810840712979,Stak Gl Gq,These ads ran without a disclaimer,≤100
144709575593854,EESC - European Economic and Social Committee,EESC - European Economic and Social Committee,≤100
902043713159719,Gândara - Gestão e Reciclagem de Resíduos,These ads ran without a disclaimer,≤100
37293837321,FOX Comedy Portugal,These ads ran without a disclaimer,≤100
103516898826266,Candidatura OE 2022 - Região Centro - José Valle,These ads ran without a disclaimer,≤100
300506179963875,Marco Almeida,Marco Paulo Caldeira De Almeida,≤100
476193242461984,Movimento Independente por Vila Nova,Nelson Da Cruz Vergas,≤100
103960591568992,Rich Patrol,These ads ran without a disclaimer,≤100
732285496890083,Francisco Mota,Francisco José Peres Filipe Mota,≤100
760522374029421,Observatório da Isenção Informativa,These ads ran without a disclaimer,≤100
109354687306376,Instituto Conhecimento Liberta,These ads ran without a disclaimer,≤100
162909167108418,TUB - Transportes Urbanos de Braga,These ads ran without a disclaimer,≤100
107195208545011,Kykys Clan Gm,These ads ran without a disclaimer,≤100
295276607637772,Companhia Nacional de Espectáculos,These ads ran without a disclaimer,≤100
113489815373143,Israel em Portugal,These ads ran without a disclaimer,≤100
123784121017831,Sage,These ads ran without a disclaimer,≤100
107196424848696,Núcleo Comunitário e Solidário de Pereira- AMIP,Fernando Vitor Ladeira Pereira,≤100
951774571547990,PicSolution,These ads ran without a disclaimer,≤100
100359345915677,Thirteen Leaflets,These ads ran without a disclaimer,≤100
105504378488027,The Seven Stars,These ads ran without a disclaimer,≤100
102141508228468,PTSD Center,These ads ran without a disclaimer,≤100
103891855463377,Vamos trazer a Maria para casa,These ads ran without a disclaimer,≤100
100655852242788,The Sense of Silence,These ads ran without a disclaimer,≤100
102814388936058,Gardening in my heart,These ads ran without a disclaimer,≤100
235945666565031,Food for Life Global,These ads ran without a disclaimer,≤100
106781171861992,Enhistory,These ads ran without a disclaimer,≤100
110913278156749,PortugalImmigrant,These ads ran without a disclaimer,≤100
100137598469202,Terra de Miranda - Notícias,These ads ran without a disclaimer,≤100
105465508521362,MAUER,These ads ran without a disclaimer,≤100
1449052665318446,EU Agency for Asylum - EUAA,These ads ran without a disclaimer,≤100
106823434954812,Olivenorma,These ads ran without a disclaimer,≤100
190696448246152,Element14 Community,These ads ran without a disclaimer,≤100
286566564777610,Rotary Club de  Mafra,These ads ran without a disclaimer,≤100
108384981683516,Cidadania pelo Clima,These ads ran without a disclaimer,≤100
331965446932156,HORIZON: the EU Research & Innovation magazine,These ads ran without a disclaimer,≤100
126547797517924,Cantinho - moda,These ads ran without a disclaimer,≤100
536711849859363,Wwe tio the shield,These ads ran without a disclaimer,≤100
112285320240455,Footprint,These ads ran without a disclaimer,≤100
192742597438296,Fernanda Galo Laboratórios,These ads ran without a disclaimer,≤100
111440971449936,Ru,These ads ran without a disclaimer,≤100
109281344986363,SiegaNativa,These ads ran without a disclaimer,≤100
102397628788087,Segue a Corrente,These ads ran without a disclaimer,≤100
811759495601277,Solorider sid,These ads ran without a disclaimer,≤100
100276445320199,Lista B para Bastonário Franklim Marques Ordem dos Farmacêuticos,These ads ran without a disclaimer,≤100
105018257677931,Movimento Africano de Trabalhadores e Estudantes - RGB,These ads ran without a disclaimer,≤100
0,Instagram User 552325618,These ads ran without a disclaimer,≤100
101978933230493,DHL,These ads ran without a disclaimer,≤100
704661060355327,Peeple,These ads ran without a disclaimer,≤100
1111434605649972,Dicas de Lisboa,These ads ran without a disclaimer,≤100
1526469364334033,Justin Brown,These ads ran without a disclaimer,≤100
108352037751716,Dr-Ahmed Azmy,These ads ran without a disclaimer,≤100
232479886816529,Cambridge Institute for Sustainability Leadership,These ads ran without a disclaimer,≤100
105546958256097,Barbeau,These ads ran without a disclaimer,≤100
104715858410560,Sphera,These ads ran without a disclaimer,≤100
0,Instagram User 2271793154,These ads ran without a disclaimer,≤100
0,Instagram User 993900942,These ads ran without a disclaimer,≤100
107124728204986,elegendbrand,These ads ran without a disclaimer,≤100
211227445661913,PORTUGUESE IN,These ads ran without a disclaimer,≤100
740549232744278,Revista Rua,These ads ran without a disclaimer,≤100
1113776811977999,VIPUR,These ads ran without a disclaimer,≤100
105353831842790,Titania,These ads ran without a disclaimer,≤100
105161532002438,Womanship,These ads ran without a disclaimer,≤100
263694373699158,Universidade de Lisboa,These ads ran without a disclaimer,≤100
107307871854945,Behind The Scenes,These ads ran without a disclaimer,≤100
101290412189105,Uma Lésbica Socialista,These ads ran without a disclaimer,≤100
105807338039355,Fork Daily,These ads ran without a disclaimer,≤100
104048725490953,European news,These ads ran without a disclaimer,≤100
110215183850252,Moda Circolare - Sustainable Fashion Consulting Agency,These ads ran without a disclaimer,≤100
259163764160829,FoE Japan,These ads ran without a disclaimer,≤100
100297572348774,Dockside Hostel,These ads ran without a disclaimer,≤100
112474584678476,Brеаking Nеws,These ads ran without a disclaimer,≤100
153371894688575,World Bank,These ads ran without a disclaimer,≤100
155174084508744,Banque mondiale,These ads ran without a disclaimer,≤100
110038557114533,5 Media,These ads ran without a disclaimer,≤100
215031788633793,Outshine,These ads ran without a disclaimer,≤100
114111103370029,Mente Saudável,These ads ran without a disclaimer,≤100
110339967042411,LastObject,These ads ran without a disclaimer,≤100
298676294165580,Portal do Eleitor,Secretaria Geral da Administração Interna,≤100
0,Instagram User 350914849,These ads ran without a disclaimer,≤100
110143798242163,Sdadasd,These ads ran without a disclaimer,≤100
295256100520640,Mercatus Center Academic & Student Programs,These ads ran without a disclaimer,≤100
101147391694635,limonada____,These ads ran without a disclaimer,≤100
77403447721,rcrwireless,These ads ran without a disclaimer,≤100
105510435398578,Mioea,These ads ran without a disclaimer,≤100
710680029724924,Guinness Open Gate Brewery,These ads ran without a disclaimer,≤100
100822638974496,Психология Отношений. Сергей Хохлов,These ads ran without a disclaimer,≤100
0,Instagram User 695280712,These ads ran without a disclaimer,≤100
1135398056567227,Affidea Portugal,These ads ran without a disclaimer,≤100
1284348874996659,Futur/io,These ads ran without a disclaimer,≤100
113689857804901,"INcomum, Consultoria e Formação",These ads ran without a disclaimer,≤100
101711759096660,Dsadqs1,These ads ran without a disclaimer,≤100
355842021188191,Flor do brownie,These ads ran without a disclaimer,≤100
1512549022390790,Psicólogo Luís Lameira,These ads ran without a disclaimer,≤100
346516206181540,SMM & Targeting,These ads ran without a disclaimer,≤100
104734552127451,Новости на Первом,These ads ran without a disclaimer,≤100
100694672533659,AVANT GARDE WORLD,These ads ran without a disclaimer,≤100
108333215032241,Beebz,These ads ran without a disclaimer,≤100
110246961342305,Le Serre by Vivi,These ads ran without a disclaimer,≤100
529885530685658,Olhar Loures,Olhar Loures,≤100
103703678799737,Juntos pelos Farmacêuticos LISTA D,These ads ran without a disclaimer,≤100
111626394658027,La Artesana Estudio,These ads ran without a disclaimer,≤100
104389365279900,PS na Assembleia Municipal de Pombal,João André Varela Coelho,≤100
137774831234,Ambar - Ideias no Papel,These ads ran without a disclaimer,≤100
75019832667,AMI - Assistência Médica Internacional,These ads ran without a disclaimer,≤100
532594210166510,Junta de Freguesia de Moscavide e Portela,These ads ran without a disclaimer,≤100
106914548575317,Коротко о главном,These ads ran without a disclaimer,≤100
352359571448680,Omio,These ads ran without a disclaimer,≤100
0,Instagram User 5551546243,These ads ran without a disclaimer,≤100
105369442061464,Новости на Первом,These ads ran without a disclaimer,≤100
104883212111168,Новости на Первом,These ads ran without a disclaimer,≤100
100379985701017,PS concelho das Lajes do Pico,These ads ran without a disclaimer,≤100
684301342437945,Reflora Initiative,These ads ran without a disclaimer,≤100
105666144829254,Ocean Project,These ads ran without a disclaimer,≤100
367677003257943,European Agency for Safety and Health at Work (EU-OSHA),These ads ran without a disclaimer,≤100
102833841258272,J sandeepa photograpy,These ads ran without a disclaimer,≤100
107773481010127,towbabyteeth,These ads ran without a disclaimer,≤100
465080213522643,EcoCocon - Straw Wall System,These ads ran without a disclaimer,≤100
107629108298523,Coach Andreia Pereira,These ads ran without a disclaimer,≤100
108357908290076,Pedro Vieitas Antunes,Pedro Vieitas Antunes,≤100
1810131282643575,Marco Almeida,These ads ran without a disclaimer,≤100
100785341838833,moseka_paris,These ads ran without a disclaimer,≤100
101023851750608,Somelos,These ads ran without a disclaimer,≤100
106712808491049,Travelpedia,These ads ran without a disclaimer,≤100
990373951005772,Jovem Conservador de Direita,These ads ran without a disclaimer,≤100
218365331532373,Valormed,These ads ran without a disclaimer,≤100
104768742123591,Main Gop GM,These ads ran without a disclaimer,≤100
117745288271605,Altice Portugal,These ads ran without a disclaimer,≤100
0,Instagram User 2753197859,These ads ran without a disclaimer,≤100
937560123015996,saudeonline.pt,Saúde Online,≤100
349085019500436,The Future Factory,These ads ran without a disclaimer,≤100
108586385040096,Partido Pro Animais,Partido Pro Animais,≤100
466398700168426,Ideas Powered,These ads ran without a disclaimer,≤100
101766475763768,"Diversity, Equity, and Inclusion: DEI Strategies for Business Impact",These ads ran without a disclaimer,≤100
111223911470729,República Socialista Portuguesa,These ads ran without a disclaimer,≤100
53498842922,RFM,These ads ran without a disclaimer,≤100
618396841900860,OWNFILTER,These ads ran without a disclaimer,≤100
112930781303885,Doação de dinheiro,These ads ran without a disclaimer,≤100
107685491727179,O Investigador,These ads ran without a disclaimer,≤100
109856226218609,"Citizens, Equality, Rights and Values Programme",These ads ran without a disclaimer,≤100
107823287299042,Produtores Florestais,These ads ran without a disclaimer,≤100
102083895346649,OceanCare International,These ads ran without a disclaimer,≤100
108252284987267,L͎i͎s͎t͎e͎n͎ ͎f͎o͎r͎ ͎L͎i͎f͎e͎ ͎S͎t͎o͎r͎e͎s͎,These ads ran without a disclaimer,≤100
103141921724956,Congresso Internacional Sobre Democracia e Justiça no Século XXI - Just2022,These ads ran without a disclaimer,≤100
106124631480931,Tribuna do Baixo Mondego,Fernando Vitor Ladeira Pereira,≤100
113000510350693,Um artista aí em casa,These ads ran without a disclaimer,≤100
107114954161807,Rui Novais da Silva,Novais Da Silva,≤100
103659618798082,Mcd - Movimento Cidadania Democrática,Fernando Vitor Ladeira Pereira,≤100
201252683250999,Temas e Debates,These ads ran without a disclaimer,≤100
112234247185285,walterenrriquepinedaparedes,These ads ran without a disclaimer,≤100
147641248616232,GPS - Grupo Protecção Sicó,These ads ran without a disclaimer,≤100
110577711085025,Clap,These ads ran without a disclaimer,≤100
169790869704471,Biosani,Biosani,≤100
369207423132054,شــرطــة مــكــافــحــة الــعاهــات,These ads ran without a disclaimer,≤100
105319738725861,Breaking News,These ads ran without a disclaimer,≤100
182225728502109,Opus Diversidades,Opus Diversidades,≤100
280379538686174,Olhares de Lisboa / Vida na Cidade,Olhares de Lisboa,≤100
103766278329346,fatinharamos,These ads ran without a disclaimer,≤100
128460617656602,eeDesignIt,These ads ran without a disclaimer,≤100
283578125703063,Soudal Portugal,These ads ran without a disclaimer,≤100
196130093764828,The Headline,These ads ran without a disclaimer,≤100
103910138862185,Per Ankh Project,These ads ran without a disclaimer,≤100
116243159817029,Pfizer Portugal,These ads ran without a disclaimer,≤100
20031443281,Namecheap.com,These ads ran without a disclaimer,≤100
119006106155684,PI Energy,These ads ran without a disclaimer,≤100
1626040974155214,Luís Nobre,Joaquim Luís Nobre Pereira,≤100
2119464208306893,IPPS-Iscte,These ads ran without a disclaimer,≤100
359136647518228,Meta Careers,These ads ran without a disclaimer,≤100
105557718709921,STrE Games ST,These ads ran without a disclaimer,≤100
109267831671255,MarI Ost Gm,These ads ran without a disclaimer,≤100
104111805299714,La Chamba,These ads ran without a disclaimer,≤100
182789340330,Navigator Paper,These ads ran without a disclaimer,≤100
100708115764701,ORST GM,These ads ran without a disclaimer,≤100
392011914244276,Muneeb Shakil Kazi,These ads ran without a disclaimer,≤100
109902707128136,MOS- Marcha Orgulho Santarém,These ads ran without a disclaimer,≤100
132816753574072,Aproximar,These ads ran without a disclaimer,≤100
632042350574549,Oeiras Valley,These ads ran without a disclaimer,≤100